bc / bc la campagnola
hellmanns / hellman's
hellmans / hellman's
jose gamberoni / jose g. gamberoni
saf-instant / saf - instant
mc.cormick / mc cormick culinary
delgaucho / del gaucho
kruger / KRÜGER
palacio del oriente / palacio de oriente
pcio / palacio de oriente
campoclaro / campo claro
top line / topline
las acacia / las acacias
kelloggs / KELLOGG´S
revelacion / REVELACIÓN
la pureza / HARINÍSIMA LA PUREZA
portezueo / portezuelo
sanissimo / SANISSIMO 100%
bio2 / bio 2
blancanieves / blanca nieves
almajor / granja almajor
manleys clasica / MANLEY`S CLASICO
manleys / MANLEY`S CLASICO
heras / HERAS BARECHE
herrs / HERR´S
star lion / starlion
membrillar / EL MEMBRILLAL
especialista / la especialista
maxytost / maxitost
iguacu / IGUAÇU
MONTEGRAPPA / PASTA MONTEGRAPPA
taco villa / tacovilla
abuelita / la abuelita
RUGENFISCH / RUGEN FISCH
india muerta / CASERAS DE INDIA MUERTA
natures path / NATURE'S PATH ORGANIC
campbells / CAMPBELL`S
pastamania / PASTAMANÍA
mama cocina / MAMÁ COCINA
st. dalfour / ST.DALFOUR
snyders / SNYDER`S OF HANOVER
coca cola life / COCA - COLA LIFE
coca cola light / COCA - COLA LIGHT
coca cola zero / COCA - COLA ZERO
coca cola / COCA - COLA
mrs. crimbles / MRS CRIMBLE'S
clovis / CLOVIS-FRANCE
eladio / ELADIO'S
sharwoods / SHARWOOD'S
voll damm / VOLL - DAMM
e. damm / ESTRELLA DAMM
hacker-pschorr / HACKER- PSCHORR
becks / BECK´S
sir edwards / SIR EDWARD'S
blenders / BLENDERS PRIDE
cristalino / JAUME SERRA CRISTALINO
william lawsons / WILLIAM LAWSON´S
peroni / PERONI NASTRO AZZURRO
famous grouse / THE FAMOUS GROUSE
bruzzone / BRUZZONE Y SCIUTTO
cabesas / CABESAS BIER
viejo pancho / EL VIEJO PANCHO
passport / PASSPORT SCOTCH
comte valmont / COMTE DE VALMONT
jameson / JAMESON IRISH WHISKEY
teachers / TEACHER'S
viñagala / RURTIA VIÑAGALA
gregsons / GREGSON'S
FULLER / FULLER´S
CATTOS / CATTO'S
gilbeys / GILBEY'S
sheridans / SHERIDAN´S
nieto senetiner / EMILIA NIETO SENETINER
j y b / J & B
jack daniels / JACK DANIEL´S
KIPRINSKI / KIPRINSKY
viñagala / RURTIA VIÑAGALA
e.damm / ESTRELLA DAMM
celebracion / la celebracion
grants / GRANT´S
buchanans / BUCHANAN´S
gordons / GORDON`S
j. carrau / JUAN CARRAU
ermita / CASA DE LA ERMITA
RICHMONDS / RICHMOND
tate lyle / TATE & LYLE
royale / CASHEWS ROYALE
seven up / 7 UP
pellegrino / SANPELLEGRINO
a.k.damm / AK - DAMM
bon-bon / BON O BON
bull dog / bulldog
tians / TIAN'S
san andres / SAN ANDRÉS
momami / MOUNT MOMAMI
hersheys / HERSHEY'S
delav / LA CONFITERIA DELAVIUDA
delaviuda / LA CONFITERIA DELAVIUDA
raffaello / CONFITERIA-RAFFAELLO
cavendish / CAVENDISH & HARVEY
momami mount / MOUNT MOMAMI
rocky / ROCKY MOUNTAIN
werthers original / WERTHER'S ORIGINAL
sierra de minas / DE LAS SIERRAS DE MINAS
camponuevo / CAMPO NUEVO
verdiricas / las verdiricas
frigor / NESTLE FRIGOR
frizzatta / MONDO FRIZZATTA
mc cain / MCCAIN
cabo de peña / CABO DE PEÑAS
tarradellas / CASA TARRADELLAS
faraut / HECTOR FARAUT
trebol / EL TREBOL
el palacio del cafe / EL PALACIO DEL CAFÉ
damagrinha / DA MAGRINHA
rugen / RUGEN FISCH
colmans / COLMAN'S